{
    "test": {
        "combined": {
            "accuracy": [
                0.0,
                1.0,
                1.0,
                1.0
            ],
            "loss": [
                1.1922141313552856,
                0.824836015701294,
                0.585519552230835,
                0.4256117343902588
            ]
        },
        "intent": {
            "accuracy": [
                0.0,
                1.0,
                1.0,
                1.0
            ],
            "hits_at_k": [
                1.0,
                1.0,
                1.0,
                1.0
            ],
            "loss": [
                1.1922141313552856,
                0.824836015701294,
                0.585519552230835,
                0.4256117343902588
            ]
        }
    },
    "train": {
        "combined": {
            "accuracy": [
                1.0,
                1.0,
                1.0,
                1.0
            ],
            "loss": [
                0.02332873046398163,
                0.0008313038386404514,
                5.943413125351071e-05,
                7.104829273885116e-06
            ]
        },
        "intent": {
            "accuracy": [
                1.0,
                1.0,
                1.0,
                1.0
            ],
            "hits_at_k": [
                1.0,
                1.0,
                1.0,
                1.0
            ],
            "loss": [
                0.02332873046398163,
                0.0008313038386404514,
                5.943413125351071e-05,
                7.104829273885116e-06
            ]
        }
    },
    "validation": {
        "combined": {
            "accuracy": [
                0.0,
                0.0,
                0.0,
                0.0
            ],
            "loss": [
                4.9763007164001465,
                7.692729949951172,
                9.737957954406738,
                11.390746116638184
            ]
        },
        "intent": {
            "accuracy": [
                0.0,
                0.0,
                0.0,
                0.0
            ],
            "hits_at_k": [
                0.0,
                0.0,
                0.0,
                0.0
            ],
            "loss": [
                4.9763007164001465,
                7.692729949951172,
                9.737957954406738,
                11.390746116638184
            ]
        }
    }
}