{
    "test": {
        "combined": {
            "accuracy": [
                0.0,
                1.0,
                1.0,
                1.0
            ],
            "loss": [
                1.192214012145996,
                0.824836015701294,
                0.5855194926261902,
                0.42561158537864685
            ]
        },
        "intent": {
            "accuracy": [
                0.0,
                1.0,
                1.0,
                1.0
            ],
            "hits_at_k": [
                1.0,
                1.0,
                1.0,
                1.0
            ],
            "loss": [
                1.192214012145996,
                0.824836015701294,
                0.5855194926261902,
                0.42561158537864685
            ]
        }
    },
    "train": {
        "combined": {
            "accuracy": [
                1.0,
                1.0,
                1.0,
                1.0
            ],
            "loss": [
                0.02332873046398163,
                0.000831303745508194,
                5.943413125351071e-05,
                7.104829273885116e-06
            ]
        },
        "intent": {
            "accuracy": [
                1.0,
                1.0,
                1.0,
                1.0
            ],
            "hits_at_k": [
                1.0,
                1.0,
                1.0,
                1.0
            ],
            "loss": [
                0.02332873046398163,
                0.000831303745508194,
                5.943413125351071e-05,
                7.104829273885116e-06
            ]
        }
    },
    "validation": {
        "combined": {
            "accuracy": [
                0.0,
                0.0,
                0.0,
                0.0
            ],
            "loss": [
                4.9763007164001465,
                7.692729949951172,
                9.737960815429688,
                11.390746116638184
            ]
        },
        "intent": {
            "accuracy": [
                0.0,
                0.0,
                0.0,
                0.0
            ],
            "hits_at_k": [
                0.0,
                0.0,
                0.0,
                0.0
            ],
            "loss": [
                4.9763007164001465,
                7.692729949951172,
                9.737960815429688,
                11.390746116638184
            ]
        }
    }
}